<parameters>
  
    

  

<parameter id="d2bcff84-a381-4024-8c4e-651b00ff5e60" label="Discovery publish frequency (in mins)" type="STRING" stub="false"
           
           varname="MINUTE"  
  uiOrder="0"  defaultValue="10,25,40,55"
            
           readonly="false" visible="true" mandatory="true" expert="false"  baseParameter="d2bcff84-a381-4024-8c4e-651b00ff5e60"  >
  <description>Frequency at which Wsus Group Discovery will be triggered</description>
  
  <defaultValue value="10,25,40,55"  >
    
  </defaultValue>
  
  
  
</parameter>


  

<parameter id="345192fc-8a1b-4f7a-a5d8-c757db723d5a" label="uCMDB attribute (full name)" type="STRING" stub="false"
           
           varname="ATTRIBUTE"  
  uiOrder="0"  defaultValue="ucmdb_data_note"
            
           readonly="false" visible="true" mandatory="true" expert="false"  baseParameter="345192fc-8a1b-4f7a-a5d8-c757db723d5a"  >
  <description>The attribute of the CI Type &apos;NT&apos; in which the WSUS groups will be written. This field must be a &apos;string&apos;-type.</description>
  
  <defaultValue value="ucmdb_data_note"  >
    
  </defaultValue>
  
  
  
</parameter>


  

<parameter id="0dc58afd-e68f-46f6-b39f-568d12ac4e02" label="WSUS import file (full path)" type="STRING" stub="false"
           
           varname="FILEPATH"  
  uiOrder="0"  defaultValue="c:\somedirectory\somefile.csv"
            
           readonly="false" visible="true" mandatory="true" expert="false"  baseParameter="0dc58afd-e68f-46f6-b39f-568d12ac4e02"  >
  <description>The path and filename which holds the WSUS group information. The CSV file has two columns &lt;primary_dns_name&gt;,&lt;wsusgroup1;wsusgroup2,...&gt;.</description>
  
  <defaultValue value="c:\somedirectory\somefile.csv"  >
    
  </defaultValue>
  
  
  
</parameter>


  
</parameters>